MH13 AP1447,50,2550,movie
MH13 AP1473,50,1800,Restaurant
MH13 AP1411,50,1800,movie
MH13 AP1379,50,2515,Other
MH13 AP1407,50,2550,Restaurant
MH13 AP1377,50,1863,Restaurant
MH13 AP1479,50,2550,Restaurant
MH13 AP1400,50,2500,gaming
MH13 AP1435,50,1800,movie
MH13 AP1463,50,1800,Other
MH13 AP1400,50,2500,gaming
MH13 AP1456,50,2500,Birthday Party
MH13 AP1485,50,1800,Restaurant
MH13 AP1468,50,1800,Birthday Party
MH13 AP1393,50,1800,movie
MH13 AP1484,50,2500,gaming
MH13 AP1398,50,2500,shopping
MH13 AP1389,50,1863,Restaurant
MH13 AP1473,50,1800,Restaurant
MH13 AP1430,50,2500,gaming
MH13 AP1472,50,2500,gaming
MH13 AP1388,50,2500,gaming
MH13 AP1466,50,2500,gaming
MH13 AP1456,50,2500,Birthday Party
MH13 AP1380,50,2500,shopping
MH13 AP1376,50,2500,gaming
MH13 AP1419,50,1863,Restaurant
MH13 AP1396,50,1800,Birthday Party
MH13 AP1381,50,1800,movie
MH13 AP1482,50,2500,shopping
MH13 AP1415,50,1800,Other
MH13 AP1489,50,2550,Birthday Party
MH13 AP1412,50,2500,gaming
MH13 AP1467,50,1800,Restaurant
MH13 AP1371,50,1800,Restaurant
MH13 AP1405,50,1800,movie
MH13 AP1386,50,1800,shopping
MH13 AP1452,50,2500,shopping
MH13 AP1455,50,1800,Restaurant
MH13 AP1477,50,1800,movie
MH13 AP1401,50,1800,Restaurant
MH13 AP1480,50,2500,Birthday Party
MH13 AP1467,50,1800,Restaurant
MH13 AP1464,50,2500,shopping
MH13 AP1455,50,1800,Restaurant
MH13 AP1442,50,2500,gaming
MH13 AP1460,50,2500,gaming
MH13 AP1454,50,2500,gaming
MH13 AP1492,50,2500,movie
MH13 AP1478,50,1800,gaming
MH13 AP1474,50,2500,Birthday Party
MH13 AP1457,50,1800,Other
MH13 AP1457,50,1800,Other
MH13 AP1440,50,2500,shopping
MH13 AP1449,50,1863,Restaurant
MH13 AP1462,50,2500,Birthday Party
MH13 AP1392,50,2500,shopping
MH13 AP1459,50,2550,movie
MH13 AP1368,50,2500,shopping
MH13 AP1436,50,1800,gaming
MH13 AP1456,50,2500,Birthday Party
MH13 AP1468,50,1800,Birthday Party
MH13 AP1441,50,1800,movie
MH13 AP1419,50,1863,Restaurant
MH13 AP1449,50,1863,Restaurant
MH13 AP1416,50,1800,shopping
MH13 AP1418,50,2500,gaming
MH13 AP1422,50,2500,shopping
MH13 AP1486,50,2500,Birthday Party
MH13 AP1423,50,1800,movie
MH13 AP1464,50,2500,shopping
MH13 AP1411,50,1800,movie
MH13 AP1385,50,1800,Other
MH13 AP1393,50,1800,movie
MH13 AP1422,50,2500,shopping
MH13 AP1437,50,2550,Restaurant
MH13 AP1454,50,2500,gaming
MH13 AP1464,50,2500,shopping
MH13 AP1444,50,2500,Birthday Party
MH13 AP1465,50,1800,movie
MH13 AP1405,50,1800,movie
MH13 AP1421,50,1800,Other
MH13 AP1484,50,2500,gaming
MH13 AP1477,50,1800,movie
MH13 AP1472,50,2500,gaming
MH13 AP1453,50,1800,movie
MH13 AP1450,50,2500,Birthday Party
MH13 AP1471,50,1863,movie
MH13 AP1370,50,2500,gaming
MH13 AP1470,50,2500,shopping
MH13 AP1467,50,1800,Restaurant
MH13 AP1438,50,2500,Birthday Party
MH13 AP1430,50,2500,gaming
MH13 AP1460,50,2500,gaming
MH13 AP1375,50,2550,movie
MH13 AP1475,50,1800,Other
MH13 AP1489,50,2550,Birthday Party
MH13 AP1397,50,2550,Other
MH13 AP1369,50,1800,movie
MH13 AP1433,50,1800,Other
MH13 AP1446,50,1800,shopping
MH13 AP1406,50,1800,gaming
MH13 AP1426,50,1800,Birthday Party
MH13 AP1491,50,1863,shopping
MH13 AP1450,50,2500,Birthday Party
MH13 AP1428,50,2500,shopping
MH13 AP1379,50,2515,Other
MH13 AP1434,50,2500,shopping
MH13 AP1374,50,1800,shopping
MH13 AP1403,50,1800,Other
MH13 AP1460,50,2500,gaming
MH13 AP1381,50,1800,movie
MH13 AP1468,50,1800,Birthday Party
MH13 AP1486,50,2500,Birthday Party
MH13 AP1382,50,2500,gaming
MH13 AP1395,50,1800,Restaurant
MH13 AP1372,50,2500,Birthday Party
MH13 AP1384,50,2500,Birthday Party
MH13 AP1410,50,2500,shopping
MH13 AP1446,50,1800,shopping
MH13 AP1454,50,2500,gaming
MH13 AP1387,50,2550,movie
MH13 AP1478,50,1800,gaming
MH13 AP1452,50,2500,shopping
MH13 AP1394,50,2500,gaming
MH13 AP1378,50,2500,Birthday Party
MH13 AP1437,50,2550,Restaurant
MH13 AP1488,50,1800,Restaurant
MH13 AP1488,50,1800,Restaurant
MH13 AP1485,50,1800,Restaurant
MH13 AP1389,50,1863,Restaurant
MH13 AP1386,50,1800,shopping
MH13 AP1408,50,2500,Birthday Party
MH13 AP1420,50,2500,Birthday Party
MH13 AP1412,50,2500,gaming
MH13 AP1483,50,1800,movie
MH13 AP1482,50,2500,shopping
MH13 AP1463,50,1800,Other
MH13 AP1439,50,1863,Other
MH13 AP1475,50,1800,Other
MH13 AP1451,50,2515,Other
MH13 AP1417,50,2550,movie
MH13 AP1431,50,1800,Restaurant
MH13 AP1461,50,1863,Restaurant
MH13 AP1445,50,1800,Other
MH13 AP1377,50,1863,Restaurant
MH13 AP1407,50,2550,Restaurant
MH13 AP1488,50,1800,Restaurant
MH13 AP1391,50,1800,Other
MH13 AP1469,50,2550,Other
MH13 AP1368,50,2500,shopping
MH13 AP1385,50,1800,Other
MH13 AP1433,50,1800,Other
MH13 AP1459,50,2550,movie
MH13 AP1447,50,2550,movie
MH13 AP1394,50,2500,gaming
MH13 AP1481,50,1863,Other
MH13 AP1427,50,2550,Other
MH13 AP1406,50,1800,gaming
MH13 AP1424,50,2500,gaming
MH13 AP1425,50,1800,Restaurant
MH13 AP1441,50,1800,movie
MH13 AP1473,50,1800,Restaurant
MH13 AP1425,50,1800,Restaurant
MH13 AP1453,50,1800,movie
MH13 AP1471,50,1863,movie
MH13 AP1469,50,2550,Other
MH13 AP1378,50,2500,Birthday Party
MH13 AP1382,50,2500,gaming
MH13 AP1392,50,2500,shopping
MH13 AP1477,50,1800,movie
MH13 AP1492,50,2500,movie
MH13 AP1491,50,1863,shopping
MH13 AP1481,50,1863,Other
MH13 AP1397,50,2550,Other
MH13 AP1458,50,1800,shopping
MH13 AP1444,50,2500,Birthday Party
MH13 AP1486,50,2500,Birthday Party
MH13 AP1444,50,2500,Birthday Party
MH13 AP1448,50,2500,gaming
MH13 AP1453,50,1800,movie
MH13 AP1376,50,2500,gaming
MH13 AP1438,50,2500,Birthday Party
MH13 AP1375,50,2550,movie
MH13 AP1452,50,2500,shopping
MH13 AP1431,50,1800,Restaurant
MH13 AP1447,50,2550,movie
MH13 AP1476,50,2500,shopping
MH13 AP1408,50,2500,Birthday Party
MH13 AP1469,50,2550,Other
MH13 AP1479,50,2550,Restaurant
MH13 AP1439,50,1863,Other
MH13 AP1442,50,2500,gaming
MH13 AP1449,50,1863,Restaurant
MH13 AP1372,50,2500,Birthday Party
MH13 AP1451,50,2515,Other
MH13 AP1416,50,1800,shopping
MH13 AP1404,50,2500,shopping
MH13 AP1461,50,1863,Restaurant
MH13 AP1370,50,2500,gaming
MH13 AP1480,50,2500,Birthday Party
MH13 AP1401,50,1800,Restaurant
MH13 AP1446,50,1800,shopping
MH13 AP1423,50,1800,movie
MH13 AP1417,50,2550,movie
MH13 AP1432,50,2500,Birthday Party
MH13 AP1420,50,2500,Birthday Party
MH13 AP1443,50,1800,Restaurant
MH13 AP1462,50,2500,Birthday Party
MH13 AP1398,50,2500,shopping
MH13 AP1479,50,2550,Restaurant
MH13 AP1472,50,2500,gaming
MH13 AP1391,50,1800,Other
MH13 AP1451,50,2515,Other
MH13 AP1466,50,2500,gaming
MH13 AP1474,50,2500,Birthday Party
MH13 AP1475,50,1800,Other
MH13 AP1455,50,1800,Restaurant
MH13 AP1429,50,1863,movie
MH13 AP1413,50,1800,Restaurant
MH13 AP1380,50,2500,shopping
MH13 AP1434,50,2500,shopping
MH13 AP1448,50,2500,gaming
MH13 AP1409,50,1863,Other
MH13 AP1403,50,1800,Other
MH13 AP1432,50,2500,Birthday Party
MH13 AP1373,50,1800,Other
MH13 AP1402,50,2500,Birthday Party
MH13 AP1458,50,1800,shopping
MH13 AP1409,50,1863,Other
MH13 AP1443,50,1800,Restaurant
MH13 AP1463,50,1800,Other
MH13 AP1483,50,1800,movie
MH13 AP1426,50,1800,Birthday Party
MH13 AP1421,50,1800,Other
MH13 AP1424,50,2500,gaming
MH13 AP1399,50,1863,movie
MH13 AP1459,50,2550,movie
MH13 AP1399,50,1863,movie
MH13 AP1487,50,1800,Other
MH13 AP1482,50,2500,shopping
MH13 AP1491,50,1863,shopping
MH13 AP1490,50,2500,Other
MH13 AP1476,50,2500,shopping
MH13 AP1418,50,2500,gaming
MH13 AP1387,50,2550,movie
MH13 AP1484,50,2500,gaming
MH13 AP1458,50,1800,shopping
MH13 AP1487,50,1800,Other
MH13 AP1461,50,1863,Restaurant
MH13 AP1465,50,1800,movie
MH13 AP1457,50,1800,Other
MH13 AP1383,50,1800,Restaurant
MH13 AP1413,50,1800,Restaurant
MH13 AP1396,50,1800,Birthday Party
MH13 AP1371,50,1800,Restaurant
MH13 AP1414,50,2500,Birthday Party
MH13 AP1373,50,1800,Other
MH13 AP1402,50,2500,Birthday Party
MH13 AP1390,50,2500,Birthday Party
MH13 AP1429,50,1863,movie
MH13 AP1480,50,2500,Birthday Party
MH13 AP1388,50,2500,gaming
MH13 AP1404,50,2500,shopping
MH13 AP1440,50,2500,shopping
MH13 AP1476,50,2500,shopping
MH13 AP1448,50,2500,gaming
MH13 AP1450,50,2500,Birthday Party
MH13 AP1470,50,2500,shopping
MH13 AP1462,50,2500,Birthday Party
MH13 AP1445,50,1800,Other
MH13 AP1445,50,1800,Other
MH13 AP1465,50,1800,movie
MH13 AP1483,50,1800,movie
MH13 AP1384,50,2500,Birthday Party
MH13 AP1383,50,1800,Restaurant
MH13 AP1470,50,2500,shopping
MH13 AP1490,50,2500,Other
MH13 AP1471,50,1863,movie
MH13 AP1395,50,1800,Restaurant
MH13 AP1427,50,2550,Other
MH13 AP1478,50,1800,gaming
MH13 AP1490,50,2500,Other
MH13 AP1435,50,1800,movie
MH13 AP1436,50,1800,gaming
MH13 AP1414,50,2500,Birthday Party
MH13 AP1485,50,1800,Restaurant
MH13 AP1390,50,2500,Birthday Party
MH13 AP1481,50,1863,Other
MH13 AP1466,50,2500,gaming
MH13 AP1428,50,2500,shopping
MH13 AP1474,50,2500,Birthday Party
MH13 AP1487,50,1800,Other
MH13 AP1492,50,2500,movie
MH13 AP1369,50,1800,movie
MH13 AP1415,50,1800,Other
MH13 AP1489,50,2550,Birthday Party
MH13 AP1443,50,1800,Restaurant
MH13 AP1410,50,2500,shopping
MH13 AP1374,50,1800,shopping
MH13 AP1375,50,1800,shopping
MH13 AP1376,50,1800,shopping
MH13 AP1377,50,1800,shopping
MH13 AP1378,50,1800,shopping
MH13 AP1379,50,1800,shopping
MH13 AP1380,50,1800,shopping
MH13 AP1381,50,1800,shopping
MH13 AP1382,50,1800,shopping
MH13 AP1383,50,1800,shopping
MH13 AP1384,50,1800,shopping
MH13 AP1385,50,1800,shopping
MH13 AP1386,50,1800,shopping
MH13 AP1387,50,1800,shopping
MH13 AP1388,50,1800,shopping
MH13 AP1389,50,1800,shopping
MH13 AP1390,50,1800,shopping
MH13 AP1391,50,1800,shopping
MH13 AP1392,50,1800,shopping
MH13 AP1393,50,1800,shopping
MH13 AP1394,50,1800,shopping
MH13 AP1395,50,1800,shopping
MH13 AP1396,50,1800,shopping
MH13 AP1436,50,1800,gaming
MH13 AP1456,50,2500,Birthday Party
MH13 AP1468,50,1800,Birthday Party
MH13 AP1441,50,1800,movie
MH13 AP1419,50,1863,Restaurant
MH13 AP1449,50,1863,Restaurant
MH13 AP1416,50,1800,shopping
MH13 AP1418,50,2500,gaming
MH13 AP1422,50,2500,shopping
MH13 AP1486,50,2500,Birthday Party
MH13 AP1423,50,1800,movie
MH13 AP1464,50,2500,shopping
MH13 AP1411,50,1800,movie
MH13 AP1385,50,1800,Other
MH13 AP1393,50,1800,movie
MH13 AP1422,50,2500,shopping
MH13 AP1437,50,2550,Restaurant
MH13 AP1454,50,2500,gaming
MH13 AP1464,50,2500,shopping
MH13 AP1444,50,2500,Birthday Party
MH13 AP1465,50,1800,movie
MH13 AP1405,50,1800,movie
MH13 AP1421,50,1800,Other
MH13 AP1484,50,2500,gaming
MH13 AP1477,50,1800,movie
MH13 AP1472,50,2500,gaming
MH13 AP1453,50,1800,movie
MH13 AP1450,50,2500,Birthday Party
MH13 AP1471,50,1863,movie
MH13 AP1370,50,2500,gaming
MH13 AP1470,50,2500,shopping
MH13 AP1467,50,1800,Restaurant
MH13 AP1438,50,2500,Birthday Party
MH13 AP1430,50,2500,gaming
MH13 AP1460,50,2500,gaming
MH13 AP1375,50,2550,movie
MH13 AP1475,50,1800,Other
MH13 AP1489,50,2550,Birthday Party
MH13 AP1397,50,2550,Other
MH13 AP1369,50,1800,movie
MH13 AP1433,50,1800,Other
MH13 AP1446,50,1800,shopping
MH13 AP1406,50,1800,gaming
MH13 AP1426,50,1800,Birthday Party
MH13 AP1491,50,1863,shopping
MH13 AP1450,50,2500,Birthday Party
MH13 AP1428,50,2500,shopping
MH13 AP1379,50,2515,Other
MH13 AP1434,50,2500,shopping
MH13 AP1374,50,1800,shopping
MH13 AP1403,50,1800,Other
MH13 AP1460,50,2500,gaming
MH13 AP1381,50,1800,movie
MH13 AP1468,50,1800,Birthday Party
MH13 AP1486,50,2500,Birthday Party
MH13 AP1382,50,2500,gaming
MH13 AP1395,50,1800,Restaurant
MH13 AP1372,50,2500,Birthday Party
MH13 AP1384,50,2500,Birthday Party
MH13 AP1410,50,2500,shopping
MH13 AP1446,50,1800,shopping
MH13 AP1454,50,2500,gaming
MH13 AP1387,50,2550,movie
MH13 AP1478,50,1800,gaming
MH13 AP1452,50,2500,shopping
MH13 AP1394,50,2500,gaming
MH13 AP1378,50,2500,Birthday Party
MH13 AP1437,50,2550,Restaurant
MH13 AP1488,50,1800,Restaurant
MH13 AP1488,50,1800,Restaurant
MH13 AP1485,50,1800,Restaurant
MH13 AP1389,50,1863,Restaurant
MH13 AP1386,50,1800,shopping
MH13 AP1408,50,2500,Birthday Party
MH13 AP1420,50,2500,Birthday Party
MH13 AP1412,50,2500,gaming
MH13 AP1483,50,1800,movie
MH13 AP1482,50,2500,shopping
